Workbook

Sheet Veri
A1: Magaza | B1: Ay | C1: Grup | D1: FisSayisi | E1: OrtBrutSepet | F1: OrtIndirimTutar | G1: OrtNetSepet | H1: OrtUrunAdet | I1: IndirimOrani | J1: ToplamBrutCiro | K1: ToplamIndirim | L1: ToplamNetCiro
A2: TÜMÜ | B2: 2025-07 | C2: 3Al2Ode | D2: 5313 | E2: 1411.9 | F2: 338.39 | G2: 1073.51 | H2: 7.1 | I2: 24 | J2: 7501427.1 | K2: 1797859 | L2: 5703568.1
A3: TÜMÜ | B3: 2025-07 | C3: DigerKampanya | D3: 7940 | E3: 604.25 | F3: 127.82 | G3: 476.43 | H3: 3.8 | I3: 21.2 | J3: 4797728.5 | K3: 1014875.8 | L3: 3782852.6
A4: TÜMÜ | B4: 2025-07 | C4: Kampanyasiz | D4: 9407 | E4: 374.85 | F4: 0 | G4: 374.85 | H4: 2.2 | I4: 0 | J4: 3526169.4 | K4: 0 | L4: 3526169.4
A5: TÜMÜ | B5: 2025-08 | C5: 3Al2Ode | D5: 16231 | E5: 1640.68 | F5: 380.62 | G5: 1260.06 | H5: 7.9 | I5: 23.2 | J5: 26629950 | K5: 6177897.7 | L5: 20452052
A6: TÜMÜ | B6: 2025-08 | C6: DigerKampanya | D6: 23485 | E6: 939.02 | F6: 157.75 | G6: 781.27 | H6: 5.5 | I6: 16.8 | J6: 22052787 | K6: 3704678.3 | L6: 18348109
A7: TÜMÜ | B7: 2025-08 | C7: Kampanyasiz | D7: 28652 | E7: 436.6 | F7: 0 | G7: 436.6 | H7: 2.4 | I7: 0 | J7: 12509517 | K7: 0 | L7: 12509517
A8: TÜMÜ | B8: 2025-09 | C8: 3Al2Ode | D8: 33930 | E8: 1923.79 | F8: 438.66 | G8: 1485.13 | H8: 8.5 | I8: 22.8 | J8: 65274123 | K8: 14883571 | L8: 50390552
A9: TÜMÜ | B9: 2025-09 | C9: DigerKampanya | D9: 42360 | E9: 1191.56 | F9: 199.6 | G9: 991.95 | H9: 7.3 | I9: 16.8 | J9: 50474397 | K9: 8455224.2 | L9: 42019173
A10: TÜMÜ | B10: 2025-09 | C10: Kampanyasiz | D10: 42189 | E10: 527.15 | F10: 0 | G10: 527.15 | H10: 2.9 | I10: 0 | J10: 22240070 | K10: 0 | L10: 22240070
A11: TÜMÜ | B11: 2025-10 | C11: 3Al2Ode | D11: 27865 | E11: 1583.22 | F11: 384.49 | G11: 1198.73 | H11: 7.3 | I11: 24.3 | J11: 44116376 | K11: 10713720 | L11: 33402656
A12: TÜMÜ | B12: 2025-10 | C12: DigerKampanya | D12: 37391 | E12: 701.43 | F12: 122.31 | G12: 579.13 | H12: 4.5 | I12: 17.4 | J12: 26227227 | K12: 4573110.3 | L12: 21654117
A13: TÜMÜ | B13: 2025-10 | C13: Kampanyasiz | D13: 40168 | E13: 385.81 | F13: 0 | G13: 385.81 | H13: 2.3 | I13: 0 | J13: 15497054 | K13: 0 | L13: 15497054
... A121: ÖZLÜCE | B121: 2026-04 | C121: Kampanyasiz | D121: 5957 | E121: 492.63 | F121: 0 | G121: 492.63 | H121: 2.5 | I121: 0 | J121: 2934626.5 | K121: 0 | L121: 2934626.5

Sheet ChartVeri
A1: Ay | B1: 3Al2Öde Ort.Net | C1: Diğer K. Ort.Net | D1: Kampanyasız Ort.Net | E1: 3Al2Öde Top.Net | F1: Diğer K. Top.Net | G1: Kampanyasız Top.Net | H1: 3Al2Öde Fiş | I1: Diğer K. Fiş | J1: Kampanyasız Fiş | K1: 3Al2Öde Ürt.Adet | L1: Diğer K. Ürt.Adet | M1: Kampanyasız Ürt.Adet | N1: 3Al2Öde İnd% | O1: Diğer K. İnd% | P1: Kampanyasız İnd% | Q1: 3Al2Öde Ort.Brüt | R1: Diğer K. Ort.Brüt | S1: Kampanyasız Ort.Brüt
A2: 2025-07 | B2: =AVERAGEIFS(Veri!$G$2:$G$121,Veri!$A$2:$A$121,Dashboard!$C$2,Veri!$B$2:$B$121,A2,Veri!$C$2:$C$121,"3Al2Ode") | C2: =AVERAGEIFS(Veri!$G$2:$G$121,Veri!$A$2:$A$121,Dashboard!$C$2,Veri!$B$2:$B$121,A2,Veri!$C$2:$C$121,"DigerKampanya") | D2: =AVERAGEIFS(Veri!$G$2:$G$121,Veri!$A$2:$A$121,Dashboard!$C$2,Veri!$B$2:$B$121,A2,Veri!$C$2:$C$121,"Kampanyasiz") | E2: =SUMIFS(Veri!$L$2:$L$121,Veri!$A$2:$A$121,Dashboard!$C$2,Veri!$B$2:$B$121,A2,Veri!$C$2:$C$121,"3Al2Ode") | F2: =SUMIFS(Veri!$L$2:$L$121,Veri!$A$2:$A$121,Dashboard!$C$2,Veri!$B$2:$B$121,A2,Veri!$C$2:$C$121,"DigerKampanya") | G2: =SUMIFS(Veri!$L$2:$L$121,Veri!$A$2:$A$121,Dashboard!$C$2,Veri!$B$2:$B$121,A2,Veri!$C$2:$C$121,"Kampanyasiz") | H2: =SUMIFS(Veri!$D$2:$D$121,Veri!$A$2:$A$121,Dashboard!$C$2,Veri!$B$2:$B$121,A2,Veri!$C$2:$C$121,"3Al2Ode") | I2: =SUMIFS(Veri!$D$2:$D$121,Veri!$A$2:$A$121,Dashboard!$C$2,Veri!$B$2:$B$121,A2,Veri!$C$2:$C$121,"DigerKampanya") | J2: =SUMIFS(Veri!$D$2:$D$121,Veri!$A$2:$A$121,Dashboard!$C$2,Veri!$B$2:$B$121,A2,Veri!$C$2:$C$121,"Kampanyasiz") | K2: =AVERAGEIFS(Veri!$H$2:$H$121,Veri!$A$2:$A$121,Dashboard!$C$2,Veri!$B$2:$B$121,A2,Veri!$C$2:$C$121,"3Al2Ode") | L2: =AVERAGEIFS(Veri!$H$2:$H$121,Veri!$A$2:$A$121,Dashboard!$C$2,Veri!$B$2:$B$121,A2,Veri!$C$2:$C$121,"DigerKampanya") | M2: =AVERAGEIFS(Veri!$H$2:$H$121,Veri!$A$2:$A$121,Dashboard!$C$2,Veri!$B$2:$B$121,A2,Veri!$C$2:$C$121,"Kampanyasiz") | N2: =IFERROR(AVERAGEIFS(Veri!$I$2:$I$121,Veri!$A$2:$A$121,Dashboard!$C$2,Veri!$B$2:$B$121,A2,Veri!$C$2:$C$121,"3Al2Ode"),0) | O2: =IFERROR(AVERAGEIFS(Veri!$I$2:$I$121,Veri!$A$2:$A$121,Dashboard!$C$2,Veri!$B$2:$B$121,A2,Veri!$C$2:$C$121,"DigerKampanya"),0) | P2: =IFERROR(AVERAGEIFS(Veri!$I$2:$I$121,Veri!$A$2:$A$121,Dashboard!$C$2,Veri!$B$2:$B$121,A2,Veri!$C$2:$C$121,"Kampanyasiz"),0) | Q2: =AVERAGEIFS(Veri!$E$2:$E$121,Veri!$A$2:$A$121,Dashboard!$C$2,Veri!$B$2:$B$121,A2,Veri!$C$2:$C$121,"3Al2Ode") | R2: =AVERAGEIFS(Veri!$E$2:$E$121,Veri!$A$2:$A$121,Dashboard!$C$2,Veri!$B$2:$B$121,A2,Veri!$C$2:$C$121,"DigerKampanya") | S2: =AVERAGEIFS(Veri!$E$2:$E$121,Veri!$A$2:$A$121,Dashboard!$C$2,Veri!$B$2:$B$121,A2,Veri!$C$2:$C$121,"Kampanyasiz")
A3: 2025-08 | B3: =AVERAGEIFS(Veri!$G$2:$G$121,Veri!$A$2:$A$121,Dashboard!$C$2,Veri!$B$2:$B$121,A3,Veri!$C$2:$C$121,"3Al2Ode") | C3: =AVERAGEIFS(Veri!$G$2:$G$121,Veri!$A$2:$A$121,Dashboard!$C$2,Veri!$B$2:$B$121,A3,Veri!$C$2:$C$121,"DigerKampanya") | D3: =AVERAGEIFS(Veri!$G$2:$G$121,Veri!$A$2:$A$121,Dashboard!$C$2,Veri!$B$2:$B$121,A3,Veri!$C$2:$C$121,"Kampanyasiz") | E3: =SUMIFS(Veri!$L$2:$L$121,Veri!$A$2:$A$121,Dashboard!$C$2,Veri!$B$2:$B$121,A3,Veri!$C$2:$C$121,"3Al2Ode") | F3: =SUMIFS(Veri!$L$2:$L$121,Veri!$A$2:$A$121,Dashboard!$C$2,Veri!$B$2:$B$121,A3,Veri!$C$2:$C$121,"DigerKampanya") | G3: =SUMIFS(Veri!$L$2:$L$121,Veri!$A$2:$A$121,Dashboard!$C$2,Veri!$B$2:$B$121,A3,Veri!$C$2:$C$121,"Kampanyasiz") | H3: =SUMIFS(Veri!$D$2:$D$121,Veri!$A$2:$A$121,Dashboard!$C$2,Veri!$B$2:$B$121,A3,Veri!$C$2:$C$121,"3Al2Ode") | I3: =SUMIFS(Veri!$D$2:$D$121,Veri!$A$2:$A$121,Dashboard!$C$2,Veri!$B$2:$B$121,A3,Veri!$C$2:$C$121,"DigerKampanya") | J3: =SUMIFS(Veri!$D$2:$D$121,Veri!$A$2:$A$121,Dashboard!$C$2,Veri!$B$2:$B$121,A3,Veri!$C$2:$C$121,"Kampanyasiz") | K3: =AVERAGEIFS(Veri!$H$2:$H$121,Veri!$A$2:$A$121,Dashboard!$C$2,Veri!$B$2:$B$121,A3,Veri!$C$2:$C$121,"3Al2Ode") | L3: =AVERAGEIFS(Veri!$H$2:$H$121,Veri!$A$2:$A$121,Dashboard!$C$2,Veri!$B$2:$B$121,A3,Veri!$C$2:$C$121,"DigerKampanya") | M3: =AVERAGEIFS(Veri!$H$2:$H$121,Veri!$A$2:$A$121,Dashboard!$C$2,Veri!$B$2:$B$121,A3,Veri!$C$2:$C$121,"Kampanyasiz") | N3: =IFERROR(AVERAGEIFS(Veri!$I$2:$I$121,Veri!$A$2:$A$121,Dashboard!$C$2,Veri!$B$2:$B$121,A3,Veri!$C$2:$C$121,"3Al2Ode"),0) | O3: =IFERROR(AVERAGEIFS(Veri!$I$2:$I$121,Veri!$A$2:$A$121,Dashboard!$C$2,Veri!$B$2:$B$121,A3,Veri!$C$2:$C$121,"DigerKampanya"),0) | P3: =IFERROR(AVERAGEIFS(Veri!$I$2:$I$121,Veri!$A$2:$A$121,Dashboard!$C$2,Veri!$B$2:$B$121,A3,Veri!$C$2:$C$121,"Kampanyasiz"),0) | Q3: =AVERAGEIFS(Veri!$E$2:$E$121,Veri!$A$2:$A$121,Dashboard!$C$2,Veri!$B$2:$B$121,A3,Veri!$C$2:$C$121,"3Al2Ode") | R3: =AVERAGEIFS(Veri!$E$2:$E$121,Veri!$A$2:$A$121,Dashboard!$C$2,Veri!$B$2:$B$121,A3,Veri!$C$2:$C$121,"DigerKampanya") | S3: =AVERAGEIFS(Veri!$E$2:$E$121,Veri!$A$2:$A$121,Dashboard!$C$2,Veri!$B$2:$B$121,A3,Veri!$C$2:$C$121,"Kampanyasiz")
A4: 2025-09 | B4: =AVERAGEIFS(Veri!$G$2:$G$121,Veri!$A$2:$A$121,Dashboard!$C$2,Veri!$B$2:$B$121,A4,Veri!$C$2:$C$121,"3Al2Ode") | C4: =AVERAGEIFS(Veri!$G$2:$G$121,Veri!$A$2:$A$121,Dashboard!$C$2,Veri!$B$2:$B$121,A4,Veri!$C$2:$C$121,"DigerKampanya") | D4: =AVERAGEIFS(Veri!$G$2:$G$121,Veri!$A$2:$A$121,Dashboard!$C$2,Veri!$B$2:$B$121,A4,Veri!$C$2:$C$121,"Kampanyasiz") | E4: =SUMIFS(Veri!$L$2:$L$121,Veri!$A$2:$A$121,Dashboard!$C$2,Veri!$B$2:$B$121,A4,Veri!$C$2:$C$121,"3Al2Ode") | F4: =SUMIFS(Veri!$L$2:$L$121,Veri!$A$2:$A$121,Dashboard!$C$2,Veri!$B$2:$B$121,A4,Veri!$C$2:$C$121,"DigerKampanya") | G4: =SUMIFS(Veri!$L$2:$L$121,Veri!$A$2:$A$121,Dashboard!$C$2,Veri!$B$2:$B$121,A4,Veri!$C$2:$C$121,"Kampanyasiz") | H4: =SUMIFS(Veri!$D$2:$D$121,Veri!$A$2:$A$121,Dashboard!$C$2,Veri!$B$2:$B$121,A4,Veri!$C$2:$C$121,"3Al2Ode") | I4: =SUMIFS(Veri!$D$2:$D$121,Veri!$A$2:$A$121,Dashboard!$C$2,Veri!$B$2:$B$121,A4,Veri!$C$2:$C$121,"DigerKampanya") | J4: =SUMIFS(Veri!$D$2:$D$121,Veri!$A$2:$A$121,Dashboard!$C$2,Veri!$B$2:$B$121,A4,Veri!$C$2:$C$121,"Kampanyasiz") | K4: =AVERAGEIFS(Veri!$H$2:$H$121,Veri!$A$2:$A$121,Dashboard!$C$2,Veri!$B$2:$B$121,A4,Veri!$C$2:$C$121,"3Al2Ode") | L4: =AVERAGEIFS(Veri!$H$2:$H$121,Veri!$A$2:$A$121,Dashboard!$C$2,Veri!$B$2:$B$121,A4,Veri!$C$2:$C$121,"DigerKampanya") | M4: =AVERAGEIFS(Veri!$H$2:$H$121,Veri!$A$2:$A$121,Dashboard!$C$2,Veri!$B$2:$B$121,A4,Veri!$C$2:$C$121,"Kampanyasiz") | N4: =IFERROR(AVERAGEIFS(Veri!$I$2:$I$121,Veri!$A$2:$A$121,Dashboard!$C$2,Veri!$B$2:$B$121,A4,Veri!$C$2:$C$121,"3Al2Ode"),0) | O4: =IFERROR(AVERAGEIFS(Veri!$I$2:$I$121,Veri!$A$2:$A$121,Dashboard!$C$2,Veri!$B$2:$B$121,A4,Veri!$C$2:$C$121,"DigerKampanya"),0) | P4: =IFERROR(AVERAGEIFS(Veri!$I$2:$I$121,Veri!$A$2:$A$121,Dashboard!$C$2,Veri!$B$2:$B$121,A4,Veri!$C$2:$C$121,"Kampanyasiz"),0) | Q4: =AVERAGEIFS(Veri!$E$2:$E$121,Veri!$A$2:$A$121,Dashboard!$C$2,Veri!$B$2:$B$121,A4,Veri!$C$2:$C$121,"3Al2Ode") | R4: =AVERAGEIFS(Veri!$E$2:$E$121,Veri!$A$2:$A$121,Dashboard!$C$2,Veri!$B$2:$B$121,A4,Veri!$C$2:$C$121,"DigerKampanya") | S4: =AVERAGEIFS(Veri!$E$2:$E$121,Veri!$A$2:$A$121,Dashboard!$C$2,Veri!$B$2:$B$121,A4,Veri!$C$2:$C$121,"Kampanyasiz")
A5: 2025-10 | B5: =AVERAGEIFS(Veri!$G$2:$G$121,Veri!$A$2:$A$121,Dashboard!$C$2,Veri!$B$2:$B$121,A5,Veri!$C$2:$C$121,"3Al2Ode") | C5: =AVERAGEIFS(Veri!$G$2:$G$121,Veri!$A$2:$A$121,Dashboard!$C$2,Veri!$B$2:$B$121,A5,Veri!$C$2:$C$121,"DigerKampanya") | D5: =AVERAGEIFS(Veri!$G$2:$G$121,Veri!$A$2:$A$121,Dashboard!$C$2,Veri!$B$2:$B$121,A5,Veri!$C$2:$C$121,"Kampanyasiz") | E5: =SUMIFS(Veri!$L$2:$L$121,Veri!$A$2:$A$121,Dashboard!$C$2,Veri!$B$2:$B$121,A5,Veri!$C$2:$C$121,"3Al2Ode") | F5: =SUMIFS(Veri!$L$2:$L$121,Veri!$A$2:$A$121,Dashboard!$C$2,Veri!$B$2:$B$121,A5,Veri!$C$2:$C$121,"DigerKampanya") | G5: =SUMIFS(Veri!$L$2:$L$121,Veri!$A$2:$A$121,Dashboard!$C$2,Veri!$B$2:$B$121,A5,Veri!$C$2:$C$121,"Kampanyasiz") | H5: =SUMIFS(Veri!$D$2:$D$121,Veri!$A$2:$A$121,Dashboard!$C$2,Veri!$B$2:$B$121,A5,Veri!$C$2:$C$121,"3Al2Ode") | I5: =SUMIFS(Veri!$D$2:$D$121,Veri!$A$2:$A$121,Dashboard!$C$2,Veri!$B$2:$B$121,A5,Veri!$C$2:$C$121,"DigerKampanya") | J5: =SUMIFS(Veri!$D$2:$D$121,Veri!$A$2:$A$121,Dashboard!$C$2,Veri!$B$2:$B$121,A5,Veri!$C$2:$C$121,"Kampanyasiz") | K5: =AVERAGEIFS(Veri!$H$2:$H$121,Veri!$A$2:$A$121,Dashboard!$C$2,Veri!$B$2:$B$121,A5,Veri!$C$2:$C$121,"3Al2Ode") | L5: =AVERAGEIFS(Veri!$H$2:$H$121,Veri!$A$2:$A$121,Dashboard!$C$2,Veri!$B$2:$B$121,A5,Veri!$C$2:$C$121,"DigerKampanya") | M5: =AVERAGEIFS(Veri!$H$2:$H$121,Veri!$A$2:$A$121,Dashboard!$C$2,Veri!$B$2:$B$121,A5,Veri!$C$2:$C$121,"Kampanyasiz") | N5: =IFERROR(AVERAGEIFS(Veri!$I$2:$I$121,Veri!$A$2:$A$121,Dashboard!$C$2,Veri!$B$2:$B$121,A5,Veri!$C$2:$C$121,"3Al2Ode"),0) | O5: =IFERROR(AVERAGEIFS(Veri!$I$2:$I$121,Veri!$A$2:$A$121,Dashboard!$C$2,Veri!$B$2:$B$121,A5,Veri!$C$2:$C$121,"DigerKampanya"),0) | P5: =IFERROR(AVERAGEIFS(Veri!$I$2:$I$121,Veri!$A$2:$A$121,Dashboard!$C$2,Veri!$B$2:$B$121,A5,Veri!$C$2:$C$121,"Kampanyasiz"),0) | Q5: =AVERAGEIFS(Veri!$E$2:$E$121,Veri!$A$2:$A$121,Dashboard!$C$2,Veri!$B$2:$B$121,A5,Veri!$C$2:$C$121,"3Al2Ode") | R5: =AVERAGEIFS(Veri!$E$2:$E$121,Veri!$A$2:$A$121,Dashboard!$C$2,Veri!$B$2:$B$121,A5,Veri!$C$2:$C$121,"DigerKampanya") | S5: =AVERAGEIFS(Veri!$E$2:$E$121,Veri!$A$2:$A$121,Dashboard!$C$2,Veri!$B$2:$B$121,A5,Veri!$C$2:$C$121,"Kampanyasiz")
A6: 2025-11 | B6: =AVERAGEIFS(Veri!$G$2:$G$121,Veri!$A$2:$A$121,Dashboard!$C$2,Veri!$B$2:$B$121,A6,Veri!$C$2:$C$121,"3Al2Ode") | C6: =AVERAGEIFS(Veri!$G$2:$G$121,Veri!$A$2:$A$121,Dashboard!$C$2,Veri!$B$2:$B$121,A6,Veri!$C$2:$C$121,"DigerKampanya") | D6: =AVERAGEIFS(Veri!$G$2:$G$121,Veri!$A$2:$A$121,Dashboard!$C$2,Veri!$B$2:$B$121,A6,Veri!$C$2:$C$121,"Kampanyasiz") | E6: =SUMIFS(Veri!$L$2:$L$121,Veri!$A$2:$A$121,Dashboard!$C$2,Veri!$B$2:$B$121,A6,Veri!$C$2:$C$121,"3Al2Ode") | F6: =SUMIFS(Veri!$L$2:$L$121,Veri!$A$2:$A$121,Dashboard!$C$2,Veri!$B$2:$B$121,A6,Veri!$C$2:$C$121,"DigerKampanya") | G6: =SUMIFS(Veri!$L$2:$L$121,Veri!$A$2:$A$121,Dashboard!$C$2,Veri!$B$2:$B$121,A6,Veri!$C$2:$C$121,"Kampanyasiz") | H6: =SUMIFS(Veri!$D$2:$D$121,Veri!$A$2:$A$121,Dashboard!$C$2,Veri!$B$2:$B$121,A6,Veri!$C$2:$C$121,"3Al2Ode") | I6: =SUMIFS(Veri!$D$2:$D$121,Veri!$A$2:$A$121,Dashboard!$C$2,Veri!$B$2:$B$121,A6,Veri!$C$2:$C$121,"DigerKampanya") | J6: =SUMIFS(Veri!$D$2:$D$121,Veri!$A$2:$A$121,Dashboard!$C$2,Veri!$B$2:$B$121,A6,Veri!$C$2:$C$121,"Kampanyasiz") | K6: =AVERAGEIFS(Veri!$H$2:$H$121,Veri!$A$2:$A$121,Dashboard!$C$2,Veri!$B$2:$B$121,A6,Veri!$C$2:$C$121,"3Al2Ode") | L6: =AVERAGEIFS(Veri!$H$2:$H$121,Veri!$A$2:$A$121,Dashboard!$C$2,Veri!$B$2:$B$121,A6,Veri!$C$2:$C$121,"DigerKampanya") | M6: =AVERAGEIFS(Veri!$H$2:$H$121,Veri!$A$2:$A$121,Dashboard!$C$2,Veri!$B$2:$B$121,A6,Veri!$C$2:$C$121,"Kampanyasiz") | N6: =IFERROR(AVERAGEIFS(Veri!$I$2:$I$121,Veri!$A$2:$A$121,Dashboard!$C$2,Veri!$B$2:$B$121,A6,Veri!$C$2:$C$121,"3Al2Ode"),0) | O6: =IFERROR(AVERAGEIFS(Veri!$I$2:$I$121,Veri!$A$2:$A$121,Dashboard!$C$2,Veri!$B$2:$B$121,A6,Veri!$C$2:$C$121,"DigerKampanya"),0) | P6: =IFERROR(AVERAGEIFS(Veri!$I$2:$I$121,Veri!$A$2:$A$121,Dashboard!$C$2,Veri!$B$2:$B$121,A6,Veri!$C$2:$C$121,"Kampanyasiz"),0) | Q6: =AVERAGEIFS(Veri!$E$2:$E$121,Veri!$A$2:$A$121,Dashboard!$C$2,Veri!$B$2:$B$121,A6,Veri!$C$2:$C$121,"3Al2Ode") | R6: =AVERAGEIFS(Veri!$E$2:$E$121,Veri!$A$2:$A$121,Dashboard!$C$2,Veri!$B$2:$B$121,A6,Veri!$C$2:$C$121,"DigerKampanya") | S6: =AVERAGEIFS(Veri!$E$2:$E$121,Veri!$A$2:$A$121,Dashboard!$C$2,Veri!$B$2:$B$121,A6,Veri!$C$2:$C$121,"Kampanyasiz")
A7: 2025-12 | B7: =AVERAGEIFS(Veri!$G$2:$G$121,Veri!$A$2:$A$121,Dashboard!$C$2,Veri!$B$2:$B$121,A7,Veri!$C$2:$C$121,"3Al2Ode") | C7: =AVERAGEIFS(Veri!$G$2:$G$121,Veri!$A$2:$A$121,Dashboard!$C$2,Veri!$B$2:$B$121,A7,Veri!$C$2:$C$121,"DigerKampanya") | D7: =AVERAGEIFS(Veri!$G$2:$G$121,Veri!$A$2:$A$121,Dashboard!$C$2,Veri!$B$2:$B$121,A7,Veri!$C$2:$C$121,"Kampanyasiz") | E7: =SUMIFS(Veri!$L$2:$L$121,Veri!$A$2:$A$121,Dashboard!$C$2,Veri!$B$2:$B$121,A7,Veri!$C$2:$C$121,"3Al2Ode") | F7: =SUMIFS(Veri!$L$2:$L$121,Veri!$A$2:$A$121,Dashboard!$C$2,Veri!$B$2:$B$121,A7,Veri!$C$2:$C$121,"DigerKampanya") | G7: =SUMIFS(Veri!$L$2:$L$121,Veri!$A$2:$A$121,Dashboard!$C$2,Veri!$B$2:$B$121,A7,Veri!$C$2:$C$121,"Kampanyasiz") | H7: =SUMIFS(Veri!$D$2:$D$121,Veri!$A$2:$A$121,Dashboard!$C$2,Veri!$B$2:$B$121,A7,Veri!$C$2:$C$121,"3Al2Ode") | I7: =SUMIFS(Veri!$D$2:$D$121,Veri!$A$2:$A$121,Dashboard!$C$2,Veri!$B$2:$B$121,A7,Veri!$C$2:$C$121,"DigerKampanya") | J7: =SUMIFS(Veri!$D$2:$D$121,Veri!$A$2:$A$121,Dashboard!$C$2,Veri!$B$2:$B$121,A7,Veri!$C$2:$C$121,"Kampanyasiz") | K7: =AVERAGEIFS(Veri!$H$2:$H$121,Veri!$A$2:$A$121,Dashboard!$C$2,Veri!$B$2:$B$121,A7,Veri!$C$2:$C$121,"3Al2Ode") | L7: =AVERAGEIFS(Veri!$H$2:$H$121,Veri!$A$2:$A$121,Dashboard!$C$2,Veri!$B$2:$B$121,A7,Veri!$C$2:$C$121,"DigerKampanya") | M7: =AVERAGEIFS(Veri!$H$2:$H$121,Veri!$A$2:$A$121,Dashboard!$C$2,Veri!$B$2:$B$121,A7,Veri!$C$2:$C$121,"Kampanyasiz") | N7: =IFERROR(AVERAGEIFS(Veri!$I$2:$I$121,Veri!$A$2:$A$121,Dashboard!$C$2,Veri!$B$2:$B$121,A7,Veri!$C$2:$C$121,"3Al2Ode"),0) | O7: =IFERROR(AVERAGEIFS(Veri!$I$2:$I$121,Veri!$A$2:$A$121,Dashboard!$C$2,Veri!$B$2:$B$121,A7,Veri!$C$2:$C$121,"DigerKampanya"),0) | P7: =IFERROR(AVERAGEIFS(Veri!$I$2:$I$121,Veri!$A$2:$A$121,Dashboard!$C$2,Veri!$B$2:$B$121,A7,Veri!$C$2:$C$121,"Kampanyasiz"),0) | Q7: =AVERAGEIFS(Veri!$E$2:$E$121,Veri!$A$2:$A$121,Dashboard!$C$2,Veri!$B$2:$B$121,A7,Veri!$C$2:$C$121,"3Al2Ode") | R7: =AVERAGEIFS(Veri!$E$2:$E$121,Veri!$A$2:$A$121,Dashboard!$C$2,Veri!$B$2:$B$121,A7,Veri!$C$2:$C$121,"DigerKampanya") | S7: =AVERAGEIFS(Veri!$E$2:$E$121,Veri!$A$2:$A$121,Dashboard!$C$2,Veri!$B$2:$B$121,A7,Veri!$C$2:$C$121,"Kampanyasiz")
A8: 2026-01 | B8: =AVERAGEIFS(Veri!$G$2:$G$121,Veri!$A$2:$A$121,Dashboard!$C$2,Veri!$B$2:$B$121,A8,Veri!$C$2:$C$121,"3Al2Ode") | C8: =AVERAGEIFS(Veri!$G$2:$G$121,Veri!$A$2:$A$121,Dashboard!$C$2,Veri!$B$2:$B$121,A8,Veri!$C$2:$C$121,"DigerKampanya") | D8: =AVERAGEIFS(Veri!$G$2:$G$121,Veri!$A$2:$A$121,Dashboard!$C$2,Veri!$B$2:$B$121,A8,Veri!$C$2:$C$121,"Kampanyasiz") | E8: =SUMIFS(Veri!$L$2:$L$121,Veri!$A$2:$A$121,Dashboard!$C$2,Veri!$B$2:$B$121,A8,Veri!$C$2:$C$121,"3Al2Ode") | F8: =SUMIFS(Veri!$L$2:$L$121,Veri!$A$2:$A$121,Dashboard!$C$2,Veri!$B$2:$B$121,A8,Veri!$C$2:$C$121,"DigerKampanya") | G8: =SUMIFS(Veri!$L$2:$L$121,Veri!$A$2:$A$121,Dashboard!$C$2,Veri!$B$2:$B$121,A8,Veri!$C$2:$C$121,"Kampanyasiz") | H8: =SUMIFS(Veri!$D$2:$D$121,Veri!$A$2:$A$121,Dashboard!$C$2,Veri!$B$2:$B$121,A8,Veri!$C$2:$C$121,"3Al2Ode") | I8: =SUMIFS(Veri!$D$2:$D$121,Veri!$A$2:$A$121,Dashboard!$C$2,Veri!$B$2:$B$121,A8,Veri!$C$2:$C$121,"DigerKampanya") | J8: =SUMIFS(Veri!$D$2:$D$121,Veri!$A$2:$A$121,Dashboard!$C$2,Veri!$B$2:$B$121,A8,Veri!$C$2:$C$121,"Kampanyasiz") | K8: =AVERAGEIFS(Veri!$H$2:$H$121,Veri!$A$2:$A$121,Dashboard!$C$2,Veri!$B$2:$B$121,A8,Veri!$C$2:$C$121,"3Al2Ode") | L8: =AVERAGEIFS(Veri!$H$2:$H$121,Veri!$A$2:$A$121,Dashboard!$C$2,Veri!$B$2:$B$121,A8,Veri!$C$2:$C$121,"DigerKampanya") | M8: =AVERAGEIFS(Veri!$H$2:$H$121,Veri!$A$2:$A$121,Dashboard!$C$2,Veri!$B$2:$B$121,A8,Veri!$C$2:$C$121,"Kampanyasiz") | N8: =IFERROR(AVERAGEIFS(Veri!$I$2:$I$121,Veri!$A$2:$A$121,Dashboard!$C$2,Veri!$B$2:$B$121,A8,Veri!$C$2:$C$121,"3Al2Ode"),0) | O8: =IFERROR(AVERAGEIFS(Veri!$I$2:$I$121,Veri!$A$2:$A$121,Dashboard!$C$2,Veri!$B$2:$B$121,A8,Veri!$C$2:$C$121,"DigerKampanya"),0) | P8: =IFERROR(AVERAGEIFS(Veri!$I$2:$I$121,Veri!$A$2:$A$121,Dashboard!$C$2,Veri!$B$2:$B$121,A8,Veri!$C$2:$C$121,"Kampanyasiz"),0) | Q8: =AVERAGEIFS(Veri!$E$2:$E$121,Veri!$A$2:$A$121,Dashboard!$C$2,Veri!$B$2:$B$121,A8,Veri!$C$2:$C$121,"3Al2Ode") | R8: =AVERAGEIFS(Veri!$E$2:$E$121,Veri!$A$2:$A$121,Dashboard!$C$2,Veri!$B$2:$B$121,A8,Veri!$C$2:$C$121,"DigerKampanya") | S8: =AVERAGEIFS(Veri!$E$2:$E$121,Veri!$A$2:$A$121,Dashboard!$C$2,Veri!$B$2:$B$121,A8,Veri!$C$2:$C$121,"Kampanyasiz")
A9: 2026-02 | B9: =AVERAGEIFS(Veri!$G$2:$G$121,Veri!$A$2:$A$121,Dashboard!$C$2,Veri!$B$2:$B$121,A9,Veri!$C$2:$C$121,"3Al2Ode") | C9: =AVERAGEIFS(Veri!$G$2:$G$121,Veri!$A$2:$A$121,Dashboard!$C$2,Veri!$B$2:$B$121,A9,Veri!$C$2:$C$121,"DigerKampanya") | D9: =AVERAGEIFS(Veri!$G$2:$G$121,Veri!$A$2:$A$121,Dashboard!$C$2,Veri!$B$2:$B$121,A9,Veri!$C$2:$C$121,"Kampanyasiz") | E9: =SUMIFS(Veri!$L$2:$L$121,Veri!$A$2:$A$121,Dashboard!$C$2,Veri!$B$2:$B$121,A9,Veri!$C$2:$C$121,"3Al2Ode") | F9: =SUMIFS(Veri!$L$2:$L$121,Veri!$A$2:$A$121,Dashboard!$C$2,Veri!$B$2:$B$121,A9,Veri!$C$2:$C$121,"DigerKampanya") | G9: =SUMIFS(Veri!$L$2:$L$121,Veri!$A$2:$A$121,Dashboard!$C$2,Veri!$B$2:$B$121,A9,Veri!$C$2:$C$121,"Kampanyasiz") | H9: =SUMIFS(Veri!$D$2:$D$121,Veri!$A$2:$A$121,Dashboard!$C$2,Veri!$B$2:$B$121,A9,Veri!$C$2:$C$121,"3Al2Ode") | I9: =SUMIFS(Veri!$D$2:$D$121,Veri!$A$2:$A$121,Dashboard!$C$2,Veri!$B$2:$B$121,A9,Veri!$C$2:$C$121,"DigerKampanya") | J9: =SUMIFS(Veri!$D$2:$D$121,Veri!$A$2:$A$121,Dashboard!$C$2,Veri!$B$2:$B$121,A9,Veri!$C$2:$C$121,"Kampanyasiz") | K9: =AVERAGEIFS(Veri!$H$2:$H$121,Veri!$A$2:$A$121,Dashboard!$C$2,Veri!$B$2:$B$121,A9,Veri!$C$2:$C$121,"3Al2Ode") | L9: =AVERAGEIFS(Veri!$H$2:$H$121,Veri!$A$2:$A$121,Dashboard!$C$2,Veri!$B$2:$B$121,A9,Veri!$C$2:$C$121,"DigerKampanya") | M9: =AVERAGEIFS(Veri!$H$2:$H$121,Veri!$A$2:$A$121,Dashboard!$C$2,Veri!$B$2:$B$121,A9,Veri!$C$2:$C$121,"Kampanyasiz") | N9: =IFERROR(AVERAGEIFS(Veri!$I$2:$I$121,Veri!$A$2:$A$121,Dashboard!$C$2,Veri!$B$2:$B$121,A9,Veri!$C$2:$C$121,"3Al2Ode"),0) | O9: =IFERROR(AVERAGEIFS(Veri!$I$2:$I$121,Veri!$A$2:$A$121,Dashboard!$C$2,Veri!$B$2:$B$121,A9,Veri!$C$2:$C$121,"DigerKampanya"),0) | P9: =IFERROR(AVERAGEIFS(Veri!$I$2:$I$121,Veri!$A$2:$A$121,Dashboard!$C$2,Veri!$B$2:$B$121,A9,Veri!$C$2:$C$121,"Kampanyasiz"),0) | Q9: =AVERAGEIFS(Veri!$E$2:$E$121,Veri!$A$2:$A$121,Dashboard!$C$2,Veri!$B$2:$B$121,A9,Veri!$C$2:$C$121,"3Al2Ode") | R9: =AVERAGEIFS(Veri!$E$2:$E$121,Veri!$A$2:$A$121,Dashboard!$C$2,Veri!$B$2:$B$121,A9,Veri!$C$2:$C$121,"DigerKampanya") | S9: =AVERAGEIFS(Veri!$E$2:$E$121,Veri!$A$2:$A$121,Dashboard!$C$2,Veri!$B$2:$B$121,A9,Veri!$C$2:$C$121,"Kampanyasiz")
A10: 2026-03 | B10: =AVERAGEIFS(Veri!$G$2:$G$121,Veri!$A$2:$A$121,Dashboard!$C$2,Veri!$B$2:$B$121,A10,Veri!$C$2:$C$121,"3Al2Ode") | C10: =AVERAGEIFS(Veri!$G$2:$G$121,Veri!$A$2:$A$121,Dashboard!$C$2,Veri!$B$2:$B$121,A10,Veri!$C$2:$C$121,"DigerKampanya") | D10: =AVERAGEIFS(Veri!$G$2:$G$121,Veri!$A$2:$A$121,Dashboard!$C$2,Veri!$B$2:$B$121,A10,Veri!$C$2:$C$121,"Kampanyasiz") | E10: =SUMIFS(Veri!$L$2:$L$121,Veri!$A$2:$A$121,Dashboard!$C$2,Veri!$B$2:$B$121,A10,Veri!$C$2:$C$121,"3Al2Ode") | F10: =SUMIFS(Veri!$L$2:$L$121,Veri!$A$2:$A$121,Dashboard!$C$2,Veri!$B$2:$B$121,A10,Veri!$C$2:$C$121,"DigerKampanya") | G10: =SUMIFS(Veri!$L$2:$L$121,Veri!$A$2:$A$121,Dashboard!$C$2,Veri!$B$2:$B$121,A10,Veri!$C$2:$C$121,"Kampanyasiz") | H10: =SUMIFS(Veri!$D$2:$D$121,Veri!$A$2:$A$121,Dashboard!$C$2,Veri!$B$2:$B$121,A10,Veri!$C$2:$C$121,"3Al2Ode") | I10: =SUMIFS(Veri!$D$2:$D$121,Veri!$A$2:$A$121,Dashboard!$C$2,Veri!$B$2:$B$121,A10,Veri!$C$2:$C$121,"DigerKampanya") | J10: =SUMIFS(Veri!$D$2:$D$121,Veri!$A$2:$A$121,Dashboard!$C$2,Veri!$B$2:$B$121,A10,Veri!$C$2:$C$121,"Kampanyasiz") | K10: =AVERAGEIFS(Veri!$H$2:$H$121,Veri!$A$2:$A$121,Dashboard!$C$2,Veri!$B$2:$B$121,A10,Veri!$C$2:$C$121,"3Al2Ode") | L10: =AVERAGEIFS(Veri!$H$2:$H$121,Veri!$A$2:$A$121,Dashboard!$C$2,Veri!$B$2:$B$121,A10,Veri!$C$2:$C$121,"DigerKampanya") | M10: =AVERAGEIFS(Veri!$H$2:$H$121,Veri!$A$2:$A$121,Dashboard!$C$2,Veri!$B$2:$B$121,A10,Veri!$C$2:$C$121,"Kampanyasiz") | N10: =IFERROR(AVERAGEIFS(Veri!$I$2:$I$121,Veri!$A$2:$A$121,Dashboard!$C$2,Veri!$B$2:$B$121,A10,Veri!$C$2:$C$121,"3Al2Ode"),0) | O10: =IFERROR(AVERAGEIFS(Veri!$I$2:$I$121,Veri!$A$2:$A$121,Dashboard!$C$2,Veri!$B$2:$B$121,A10,Veri!$C$2:$C$121,"DigerKampanya"),0) | P10: =IFERROR(AVERAGEIFS(Veri!$I$2:$I$121,Veri!$A$2:$A$121,Dashboard!$C$2,Veri!$B$2:$B$121,A10,Veri!$C$2:$C$121,"Kampanyasiz"),0) | Q10: =AVERAGEIFS(Veri!$E$2:$E$121,Veri!$A$2:$A$121,Dashboard!$C$2,Veri!$B$2:$B$121,A10,Veri!$C$2:$C$121,"3Al2Ode") | R10: =AVERAGEIFS(Veri!$E$2:$E$121,Veri!$A$2:$A$121,Dashboard!$C$2,Veri!$B$2:$B$121,A10,Veri!$C$2:$C$121,"DigerKampanya") | S10: =AVERAGEIFS(Veri!$E$2:$E$121,Veri!$A$2:$A$121,Dashboard!$C$2,Veri!$B$2:$B$121,A10,Veri!$C$2:$C$121,"Kampanyasiz")
A11: 2026-04 | B11: =AVERAGEIFS(Veri!$G$2:$G$121,Veri!$A$2:$A$121,Dashboard!$C$2,Veri!$B$2:$B$121,A11,Veri!$C$2:$C$121,"3Al2Ode") | C11: =AVERAGEIFS(Veri!$G$2:$G$121,Veri!$A$2:$A$121,Dashboard!$C$2,Veri!$B$2:$B$121,A11,Veri!$C$2:$C$121,"DigerKampanya") | D11: =AVERAGEIFS(Veri!$G$2:$G$121,Veri!$A$2:$A$121,Dashboard!$C$2,Veri!$B$2:$B$121,A11,Veri!$C$2:$C$121,"Kampanyasiz") | E11: =SUMIFS(Veri!$L$2:$L$121,Veri!$A$2:$A$121,Dashboard!$C$2,Veri!$B$2:$B$121,A11,Veri!$C$2:$C$121,"3Al2Ode") | F11: =SUMIFS(Veri!$L$2:$L$121,Veri!$A$2:$A$121,Dashboard!$C$2,Veri!$B$2:$B$121,A11,Veri!$C$2:$C$121,"DigerKampanya") | G11: =SUMIFS(Veri!$L$2:$L$121,Veri!$A$2:$A$121,Dashboard!$C$2,Veri!$B$2:$B$121,A11,Veri!$C$2:$C$121,"Kampanyasiz") | H11: =SUMIFS(Veri!$D$2:$D$121,Veri!$A$2:$A$121,Dashboard!$C$2,Veri!$B$2:$B$121,A11,Veri!$C$2:$C$121,"3Al2Ode") | I11: =SUMIFS(Veri!$D$2:$D$121,Veri!$A$2:$A$121,Dashboard!$C$2,Veri!$B$2:$B$121,A11,Veri!$C$2:$C$121,"DigerKampanya") | J11: =SUMIFS(Veri!$D$2:$D$121,Veri!$A$2:$A$121,Dashboard!$C$2,Veri!$B$2:$B$121,A11,Veri!$C$2:$C$121,"Kampanyasiz") | K11: =AVERAGEIFS(Veri!$H$2:$H$121,Veri!$A$2:$A$121,Dashboard!$C$2,Veri!$B$2:$B$121,A11,Veri!$C$2:$C$121,"3Al2Ode") | L11: =AVERAGEIFS(Veri!$H$2:$H$121,Veri!$A$2:$A$121,Dashboard!$C$2,Veri!$B$2:$B$121,A11,Veri!$C$2:$C$121,"DigerKampanya") | M11: =AVERAGEIFS(Veri!$H$2:$H$121,Veri!$A$2:$A$121,Dashboard!$C$2,Veri!$B$2:$B$121,A11,Veri!$C$2:$C$121,"Kampanyasiz") | N11: =IFERROR(AVERAGEIFS(Veri!$I$2:$I$121,Veri!$A$2:$A$121,Dashboard!$C$2,Veri!$B$2:$B$121,A11,Veri!$C$2:$C$121,"3Al2Ode"),0) | O11: =IFERROR(AVERAGEIFS(Veri!$I$2:$I$121,Veri!$A$2:$A$121,Dashboard!$C$2,Veri!$B$2:$B$121,A11,Veri!$C$2:$C$121,"DigerKampanya"),0) | P11: =IFERROR(AVERAGEIFS(Veri!$I$2:$I$121,Veri!$A$2:$A$121,Dashboard!$C$2,Veri!$B$2:$B$121,A11,Veri!$C$2:$C$121,"Kampanyasiz"),0) | Q11: =AVERAGEIFS(Veri!$E$2:$E$121,Veri!$A$2:$A$121,Dashboard!$C$2,Veri!$B$2:$B$121,A11,Veri!$C$2:$C$121,"3Al2Ode") | R11: =AVERAGEIFS(Veri!$E$2:$E$121,Veri!$A$2:$A$121,Dashboard!$C$2,Veri!$B$2:$B$121,A11,Veri!$C$2:$C$121,"DigerKampanya") | S11: =AVERAGEIFS(Veri!$E$2:$E$121,Veri!$A$2:$A$121,Dashboard!$C$2,Veri!$B$2:$B$121,A11,Veri!$C$2:$C$121,"Kampanyasiz")
A12: TOPLAM/ORT | B12: =AVERAGE(B2:B11) | C12: =AVERAGE(C2:C11) | D12: =AVERAGE(D2:D11) | E12: =SUM(E2:E11) | F12: =SUM(F2:F11) | G12: =SUM(G2:G11) | H12: =SUM(H2:H11) | I12: =SUM(I2:I11) | J12: =SUM(J2:J11) | K12: =AVERAGE(K2:K11) | L12: =AVERAGE(L2:L11) | M12: =AVERAGE(M2:M11) | N12: =AVERAGE(N2:N11) | O12: =AVERAGE(O2:O11) | P12: =AVERAGE(P2:P11) | Q12: =AVERAGE(Q2:Q11) | R12: =AVERAGE(R2:R11) | S12: =AVERAGE(S2:S11)
A14: Son Ay Net Ciro
A15: 3Al2Öde | B15: =E11
A16: Diğer Kampanya | B16: =F11
A17: Kampanyasız | B17: =G11

Sheet Dashboard
A2: MAĞAZA SEÇ: | C2: TÜMÜ
A4: TOPLAM FİŞ SAYISI | D4: TOPLAM BRÜT CİRO (₺) | G4: TOPLAM NET CİRO (₺) | J4: GENEL İNDİRİM ORANI | M4: 3AL2ÖDE ORT. NET SEPET (₺) | P4: KAMPANYASIZ ORT. NET SEPET (₺)
A5: =SUMPRODUCT((Veri!$A$2:$A$121=Dashboard!$C$2)*(Veri!$D$2:$D$121)) | D5: =SUMPRODUCT((Veri!$A$2:$A$121=Dashboard!$C$2)*(Veri!$J$2:$J$121)) | G5: =SUMPRODUCT((Veri!$A$2:$A$121=Dashboard!$C$2)*(Veri!$L$2:$L$121)) | J5: =TEXT(IFERROR(SUMPRODUCT((Veri!$A$2:$A$121=Dashboard!$C$2)*(Veri!$K$2:$K$121))/SUMPRODUCT((Veri!$A$2:$A$121=Dashboard!$C$2)*(Veri!$J$2:$J$121))*100,0),"0.0")&"%" | M5: =AVERAGEIFS(Veri!$G$2:$G$121,Veri!$A$2:$A$121,Dashboard!$C$2,Veri!$C$2:$C$121,"3Al2Ode") | P5: =AVERAGEIFS(Veri!$G$2:$G$121,Veri!$A$2:$A$121,Dashboard!$C$2,Veri!$C$2:$C$121,"Kampanyasiz")
A8: SEPET LİFT ORANI | D8: SEPET FARKI (₺) | G8: EK ÜRÜN ETKİSİ | J8: 3AL2ÖDE CİRO PAYI | M8: KAMPANYA EK CİROSU (₺) | P8: 3AL2ÖDE PENETRASYON
A9: =TEXT(IFERROR((AVERAGEIFS(Veri!$G$2:$G$121,Veri!$A$2:$A$121,Dashboard!$C$2,Veri!$C$2:$C$121,"3Al2Ode")-AVERAGEIFS(Veri!$G$2:$G$121,Veri!$A$2:$A$121,Dashboard!$C$2,Veri!$C$2:$C$121,"Kampanyasiz"))/AVERAGEIFS(Veri!$G$2:$G$121,Veri!$A$2:$A$121,Dashboard!$C$2,Veri!$C$2:$C$121,"Kampanyasiz")*100,0),"0")&"%" | D9: =AVERAGEIFS(Veri!$G$2:$G$121,Veri!$A$2:$A$121,Dashboard!$C$2,Veri!$C$2:$C$121,"3Al2Ode")-AVERAGEIFS(Veri!$G$2:$G$121,Veri!$A$2:$A$121,Dashboard!$C$2,Veri!$C$2:$C$121,"Kampanyasiz") | G9: =TEXT(AVERAGEIFS(Veri!$H$2:$H$121,Veri!$A$2:$A$121,Dashboard!$C$2,Veri!$C$2:$C$121,"3Al2Ode")-AVERAGEIFS(Veri!$H$2:$H$121,Veri!$A$2:$A$121,Dashboard!$C$2,Veri!$C$2:$C$121,"Kampanyasiz"),"0.0")&" adet" | J9: =TEXT(IFERROR(SUMPRODUCT((Veri!$A$2:$A$121=Dashboard!$C$2)*(Veri!$C$2:$C$121="3Al2Ode")*(Veri!$L$2:$L$121))/SUMPRODUCT((Veri!$A$2:$A$121=Dashboard!$C$2)*(Veri!$L$2:$L$121))*100,0),"0.0")&"%" | M9: =SUMPRODUCT((Veri!$A$2:$A$121=Dashboard!$C$2)*(Veri!$C$2:$C$121="3Al2Ode")*(Veri!$D$2:$D$121))*(AVERAGEIFS(Veri!$G$2:$G$121,Veri!$A$2:$A$121,Dashboard!$C$2,Veri!$C$2:$C$121,"3Al2Ode")-AVERAGEIFS(Veri!$G$2:$G$121,Veri!$A$2:$A$121,Dashboard!$C$2,Veri!$C$2:$C$121,"Kampanyasiz")) | P9: =TEXT(IFERROR(SUMPRODUCT((Veri!$A$2:$A$121=Dashboard!$C$2)*(Veri!$C$2:$C$121="3Al2Ode")*(Veri!$D$2:$D$121))/SUMPRODUCT((Veri!$A$2:$A$121=Dashboard!$C$2)*(Veri!$D$2:$D$121))*100,0),"0.0")&"%"
A11: 3Al2Öde sepeti kampanyasıza göre büyütüyor | D11: 3Al2Öde — Kampanyasız ort. net sepet farkı | G11: 3Al2Öde ile sepete eklenen ekstra ürün | J11: Toplam net ciro içindeki 3Al2Öde payı | M11: 3Al2Öde'nin yarattığı tahmini ek gelir | P11: Toplam fişlerin ne kadarı 3Al2Öde

Sheet SQL Sorgu
A1: Power Query SQL Bağlantısı İçin Sorgu
A2: Sunucu: 192.168.40.201 | Veritabanı: EncoreMerkez
A3: Bu sorguyu Power Query > Gelişmiş Seçenekler'e yapıştırın.
A5: ;WITH cte_3al2ode AS ( SELECT DISTINCT SalesId FROM dbo.SalesProductCampaigns WHERE CampaignId IN (1, 12) ), cte_any_campaign AS ( SELECT DISTINCT SalesId FROM dbo.SalesProductCampaigns ) SELECT st.Name AS Magaza, CONVERT(varchar(7), s.Date, 126) AS Ay, CASE WHEN c3.SalesId IS NOT NULL THEN '3Al2Ode' WHEN ca.SalesId IS NOT NULL THEN 'DigerKampanya' ELSE 'Kampanyasiz' END AS Grup, COUNT(*) AS FisSayisi, CAST(AVG(s.GrossTotal) AS decimal(18,2)) AS OrtBrutSepet, CAST(AVG(ABS(s.DiscountTotal)) AS decimal(18,2)) AS OrtIndirimTutar, CAST(AVG(s.GrossTotal - ABS(s.DiscountTotal)) AS decimal(18,2)) AS OrtNetSepet, CAST(AVG(CAST(s.LineCount AS decimal)) AS decimal(18,1)) AS OrtUrunAdet, CASE WHEN SUM(s.GrossTotal) > 0 THEN CAST(SUM(ABS(s.DiscountTotal)) * 100.0 / SUM(s.GrossTotal) AS decimal(5,1)) ELSE 0 END AS IndirimOrani, CAST(SUM(s.GrossTotal) AS decimal(18,2)) AS ToplamBrutCiro, CAST(SUM(ABS(s.DiscountTotal)) AS decimal(18,2)) AS ToplamIndirim, CAST(SUM(s.GrossTotal - ABS(s.DiscountTotal)) AS decimal(18,2)) AS ToplamNetCiro FROM dbo.Sales s JOIN dbo.Stores st ON s.StoresId = st.Id LEFT JOIN cte_3al2ode c3 ON s.Id = c3.SalesId LEFT JOIN cte_any_campaign ca ON s.Id = ca.SalesId WHERE s.DocumentsTypeId IN (1,2) GROUP BY st.Name, CONVERT(varchar(7), s.Date, 126), CASE WHEN c3.SalesId IS NOT NULL THEN '3Al2Ode' WHEN ca.SalesId IS NOT NULL THEN 'DigerKampanya' ELSE 'Kampanyasiz' END ORDER BY Magaza, Ay, Grup -- NOT: Power Query icin 'TÜMÜ' satirlarini da eklemek isterseniz -- UNION ALL ile magaza bazli sorgunun ustune genel toplami ekleyin: -- SELECT 'TÜMÜ' AS Magaza, ... (ayni sorgu JOIN Stores olmadan)
