Workbook

Sheet Sunum
B2: Sezon 2026 — kadro mu büyüdü, iş mi büyüdü?
B3: Beş mağaza kadrosu · üç POS mağazası iş hacmi · 2025 ile aynı takvim dönemi
A5: 1 | B5: Kadro farkı sezon başlamadan ÖNCE oluştu. | C5: ='Ozet'!D20
B6: 30 Haziran'da kadrolu personel 139'dan 153'e çıkmıştı.
A7: 2 | B7: Sezon boyunca kadro büyümedi, KÜÇÜLDÜ. | C7: ='Ozet'!C22
B8: 1 Temmuz – 31 Ağustos: kadrolu 153 → 149. Geçen yıl da aynı yönde (−4).
A9: 3 | B9: Sezonluk personel geçen yıldan AZ. | C9: ='Ozet'!D23
B10: 31 Ağustos'ta çalışan sezonluk: 65 → 62 kişi.
A11: 4 | B11: Aynı dönemde elleçlenen ürün adedi %35 arttı. | C11: ='Ozet'!E8
B12: 574.718 → 775.192 adet. Adet enflasyondan etkilenmez — fiilen kasadan geçen, rafa dizilen mal.
A13: 5 | B13: Ciro %71 arttı. | C13: ='Ozet'!E10
B14: 71,8 milyon → 122,6 milyon ₺ (KDV dahil, iadeler düşülmüş).
A15: 6 | B15: KİŞİ BAŞINA düşen iş de arttı. | C15: ='Ozet'!E13
B16: Kişi başı ürün 4.019 → 4.845 adet; günlük 71,8 → 86,5 adet.
A17: 7 | B17: İş hacmi, kadronun yaklaşık 3 KATI hızla büyüdü. | C17: ='Ozet'!B17
B18: Ürün adedi +%34,9 · kadro +%11,9.
A19: 8 | B19: Artış yönetimde değil, RAFIN ÖNÜNDE.
B20: Yönetim +0 · Mal Kabul +0 · İdari İşler +0. Artış: Yardımcı Kitap +6 · Kırtasiye +3 · Kasa +2.
A21: 9 | B21: Büyüme kurumsaldan gelmedi, mağazadan geldi. | C21: ='Oca-Agu'!G4
B22: Sınav Okulları Ocak–Ağustos cirosu −%22,4 küçüldü; mağaza tarafı +%54,9 büyüdü.
B24: TEK CÜMLE: Kadro farkı 1 Temmuz'dan önce kurulmuştu; sezon içinde kadro küçülürken iş hacmi %35 büyüdü, kişi başına düşen iş %21 arttı.
B26: Rakamların kaynağı ve kontrolü: Ozet · Magaza · Kadro · Bolum · Yillar · Oca-Agu · Yontem sayfaları. Kadro = Zirve İK (İK'nın kendi karşılaştırma raporuyla birebir), iş hacmi = DerinSIS mağaza satışı (Sınav hariç).

Sheet Ozet
A1: Ayni kadro, daha cok is — kapsamlar AYRI etiketli, altta kopru kontrolu
A3: Olcu | B3: 2025 | C3: 2026 | D3: Fark | E3: Degisim
A4: KAPSAM A — UC POS MAGAZASI (FSM · Ozluce · Ist. Yolu) · is hacmi YALNIZ burada olculebilir
A5: Kadrolu — 31.08 | B5: 96 | C5: 111 | D5: =C5-B5 | E5: =IF(B5=0,"",C5/B5-1)
A6: Sezonluk — 31.08 | B6: 47 | C6: 49 | D6: =C6-B6 | E6: =IF(B6=0,"",C6/B6-1)
A7: =TOPLAM KADRO — 31.08 (kisi) | B7: =B5+B6 | C7: =C5+C6 | D7: =C7-B7 | E7: =C7/B7-1
A8: Urun adedi (elleclenen) — 56 gun | B8: 574717.7 | C8: 775191.55 | D8: =C8-B8 | E8: =IF(B8=0,"",C8/B8-1)
A9: Ciro — KDV haric (TL) | B9: 66929724 | C9: 1.1468779e+08 | D9: =C9-B9 | E9: =IF(B9=0,"",C9/B9-1)
A10: Ciro — KDV dahil (TL) | B10: 71837429 | C10: 1.2260138e+08 | D10: =C10-B10 | E10: =IF(B10=0,"",C10/B10-1)
A12: KISI BASI — asil olcu · kapsam A toplam kadrosuna bolunur (satir 7)
A13: Urun adedi / kisi | B13: =B8/B7 | C13: =C8/C7 | D13: =C13-B13 | E13: =C13/B13-1
A14: Urun adedi / kisi / gun | B14: =B8/B7/56 | C14: =C8/C7/56 | D14: =C14-B14 | E14: =C14/B14-1
A15: Ciro (KDV haric) / kisi (TL) | B15: =B9/B7 | C15: =C9/C7 | D15: =C15-B15 | E15: =C15/B15-1
A16: Is buyumesi kadro buyumesinin kac kati (adet ÷ kadro) | B16: =E8/E7 | C16: adet degisimi ÷ kadro degisimi
A17: ayni oran ciro ile (ciro ÷ kadro) | B17: =E9/E7
A19: KAPSAM B — BES MAGAZA (+ Heykel, Sura: POS raporlamasinda YOK -> is hacmi olculemez)
A20: Kadrolu — TABAN 30.06 (sezon oncesi kurulu kadro) | B20: 139 | C20: 153 | D20: =C20-B20 | E20: =IF(B20=0,"",C20/B20-1)
A21: Kadrolu — KESIM 31.08 | B21: 135 | C21: 149 | D21: =C21-B21 | E21: =IF(B21=0,"",C21/B21-1)
A22: Sezon ici kadrolu degisim (kesim - taban) | B22: =B21-B20 | C22: =C21-C20 | D22: iki yilda da -4: sezon icinde kadro BUYUMEDI
A23: Sezonluk — 31.08 | B23: 65 | C23: 62 | D23: =C23-B23 | E23: =IF(B23=0,"",C23/B23-1)
A24: = Toplam kadro — 31.08 | B24: 200 | C24: 211 | D24: =C24-B24 | E24: =IF(B24=0,"",C24/B24-1)
A26: KOPRU — A ile B nasil bagli (KONTROL satiri 0 olmali)
A27: Kapsam A toplam kadro (31.08) | B27: =B7 | C27: =C7
A28: + Heykel + Sura (kadrolu + sezonluk) | B28: 57 | C28: 51 | D28: =C28-B28
A29: = Kapsam B toplam kadro (hesap) | B29: =B27+B28 | C29: =C27+C28
A30: KONTROL: hesap - B blogundaki toplam (0 OLMALI) | B30: =B29-B24 | C30: =C29-C24
A32: NEDEN IKI KAPSAM: is hacmi (adet/ciro) yalniz POS raporlamasi olan UC magazada olculebilir;
A33: kadro hareketi ise bes magazanin tamaminda anlamli. Karismasin diye bloklar ayri + kopru var.
A34: NEDEN IKI TARIH: 30.06 = sezon baslamadan onceki kurulu kadro (+14 farki BURADA olustu),
A35: 31.08 = sezon zirvesindeki fiili kadro. Ayni yilin iki farkli gunu; birbirinin yerine gecmez.
A36: Kadrolu = Kadro <> 'SEZONLUK' · Sezonluk = Kadro = 'SEZONLUK' · Toplam = ikisinin toplami.
A37: Tum yuzde / oran / kopru satirlari Excel FORMULU — ham rakami degistir, hepsi kendini gunceller.

Sheet Magaza
A1: Magaza bazinda kisi basi is — okul-hizali pencere (56 gun, Sinav haric)
A3: Magaza | B3: Kadro 2025 | C3: Kadro 2026 | D3: Kadro Δ% | E3: Urun adedi 2025 | F3: Urun adedi 2026 | G3: Adet Δ% | H3: Adet/kisi 2025 | I3: Adet/kisi 2026 | J3: Adet/kisi Δ% | K3: Adet/kisi/gun 2025 | L3: Adet/kisi/gun 2026 | M3: Ciro 2025 (KDV haric) | N3: Ciro 2026 (KDV haric) | O3: Ciro Δ% | P3: Ciro/kisi 2025 | Q3: Ciro/kisi 2026 | R3: Ciro/kisi Δ% | S3: Is / kadro (kac kat)
A4: İst. Yolu | B4: 50 | C4: 61 | D4: =C4/B4-1 | E4: 173398 | F4: 258168.5 | G4: =F4/E4-1 | H4: =E4/B4 | I4: =F4/C4 | J4: =I4/H4-1 | K4: =E4/B4/56 | L4: =F4/C4/56 | M4: 20455158 | N4: 40444612 | O4: =N4/M4-1 | P4: =M4/B4 | Q4: =N4/C4 | R4: =Q4/P4-1 | S4: =G4/D4
A5: Özlüce | B5: 51 | C5: 54 | D5: =C5/B5-1 | E5: 230764.7 | F5: 301250.05 | G5: =F5/E5-1 | H5: =E5/B5 | I5: =F5/C5 | J5: =I5/H5-1 | K5: =E5/B5/56 | L5: =F5/C5/56 | M5: 28347122 | N5: 44784483 | O5: =N5/M5-1 | P5: =M5/B5 | Q5: =N5/C5 | R5: =Q5/P5-1 | S5: =G5/D5
A6: FSM | B6: 42 | C6: 45 | D6: =C6/B6-1 | E6: 170555 | F6: 215773 | G6: =F6/E6-1 | H6: =E6/B6 | I6: =F6/C6 | J6: =I6/H6-1 | K6: =E6/B6/56 | L6: =F6/C6/56 | M6: 18127444 | N6: 29458691 | O6: =N6/M6-1 | P6: =M6/B6 | Q6: =N6/C6 | R6: =Q6/P6-1 | S6: =G6/D6
A7: TOPLAM | B7: =SUM(B4:B6) | C7: =SUM(C4:C6) | D7: =C7/B7-1 | E7: =SUM(E4:E6) | F7: =SUM(F4:F6) | G7: =F7/E7-1 | H7: =E7/B7 | I7: =F7/C7 | J7: =I7/H7-1 | K7: =E7/B7/56 | L7: =F7/C7/56 | M7: =SUM(M4:M6) | N7: =SUM(N4:N6) | O7: =N7/M7-1 | P7: =M7/B7 | Q7: =N7/C7 | R7: =Q7/P7-1 | S7: =G7/D7
A29: Kadro = 31.08 itibariyla o magazada fiilen calisan TUM personel (sezonluk + kadrolu).
A30: 'Is / kadro' = urun adedi buyumesi / kadro buyumesi. 1,0x'in uzeri: is kadrodan hizli buyudu.
A31: Ist. Yolu kadrosu en cok buyuyen magaza (50 -> 61) ama ise ragmen kisi basi adedi de artti.

Sheet Kadro
A1: Bes magaza kadro tablosu — as-of Igt <= T AND (Ict IS NULL OR Ict >= T)
A3: Magaza | B3: Kadrolu taban 30.06 · 2025 | C3: Kadrolu taban 30.06 · 2026 | D3: Taban Δ | E3: Kadrolu 31.08 · 2025 | F3: Kadrolu 31.08 · 2026 | G3: Sezon ici hareket 2025 | H3: Sezon ici hareket 2026 | I3: Sezonluk 31.08 · 2025 | J3: Sezonluk 31.08 · 2026 | K3: Toplam 31.08 · 2025 | L3: Toplam 31.08 · 2026 | M3: Toplam Δ
A4: İST. YOLU | B4: 29 | C4: 35 | D4: =C4-B4 | E4: 27 | F4: 36 | G4: =E4-B4 | H4: =F4-C4 | I4: 23 | J4: 25 | K4: =E4+I4 | L4: =F4+J4 | M4: =L4-K4
A5: ÖZLÜCE | B5: 39 | C5: 44 | D5: =C5-B5 | E5: 36 | F5: 41 | G5: =E5-B5 | H5: =F5-C5 | I5: 15 | J5: 13 | K5: =E5+I5 | L5: =F5+J5 | M5: =L5-K5
A6: FSM | B6: 34 | C6: 35 | D6: =C6-B6 | E6: 33 | F6: 34 | G6: =E6-B6 | H6: =F6-C6 | I6: 9 | J6: 11 | K6: =E6+I6 | L6: =F6+J6 | M6: =L6-K6
A7: HEYKEL | B7: 28 | C7: 29 | D7: =C7-B7 | E7: 28 | F7: 26 | G7: =E7-B7 | H7: =F7-C7 | I7: 12 | J7: 9 | K7: =E7+I7 | L7: =F7+J7 | M7: =L7-K7
A8: ŞURA | B8: 9 | C8: 10 | D8: =C8-B8 | E8: 11 | F8: 12 | G8: =E8-B8 | H8: =F8-C8 | I8: 6 | J8: 4 | K8: =E8+I8 | L8: =F8+J8 | M8: =L8-K8
A9: TOPLAM | B9: =SUM(B4:B8) | C9: =SUM(C4:C8) | D9: =C9-B9 | E9: =SUM(E4:E8) | F9: =SUM(F4:F8) | G9: =E9-B9 | H9: =F9-C9 | I9: =SUM(I4:I8) | J9: =SUM(J4:J8) | K9: =E9+I9 | L9: =F9+J9 | M9: =L9-K9
A11: TABAN FARKI (D kolonu, TOPLAM satiri) = patrona soylenen +14: kadrolu 139 -> 153, 1 TEMMUZ'DAN ONCE olustu.
A12: SEZON ICI HAREKET = kesim - taban. 2026'da -4; 2025'te de -4 -> sezon icinde kadro buyutulmedi, iki yilin deseni ayni.
A13: Sayim TEK TABLO uzerinden (vw_PersonelDepartman). Onceki surumde perbilgi LEFT JOIN'i bir kisiyi iki kez saymis:
A14: Ozluce 31.08.2026 kadrolu 42 gorunuyordu, DOGRUSU 41 (teyit: KADRO 41 + SEZONLUK 13 = 54 kisi).
A15: Bu yuzden magaza toplami 150 degil 149; sezon ici hareket -3 degil -4.
A16: Heykel ve Sura POS raporlamasinda yok -> is hacmi sayfalarinda yer almaz, kadro tablosunda VARDIR.
A17: KAPSAM: Lokasyon = MAGAZALAR. Cift gorevli 1 kisi (GM satinalma 'KITAP DISI S.A' + Heykel) bu
A18: kapsamda GORUNMEZ. O kisi Heykel'e eklenirse taban 140 -> 154, kesim 136 -> 150 olur;
A19: TABAN FARKI yine +14, SEZON ICI HAREKET yine -4. Yani cift gorev savunmayi DEGISTIRMIYOR.
A20: Kaynak view anlik durumu tutar (kadro gecmisi yok): kisinin BUGUNKU lokasyon etiketi her iki yila
A21: da uygulanir. Bu yuzden kapsam iki yilda tutarli, ama gecmis unvan/lokasyon degisimi izlenemez.

Sheet Bolum
A1: Bölüm bazında kadro — 31.08 kesimi, beş mağaza
A3: Bolum | B3: Kadrolu 2025 | C3: Kadrolu 2026 | D3: Kadrolu Δ | E3: Sezonluk 2025 | F3: Sezonluk 2026 | G3: Sezonluk Δ | H3: Toplam 2025 | I3: Toplam 2026 | J3: Toplam Δ | K3: Sezonluk payi 2026
A4: YARDIMCI KİTAP | B4: 24 | C4: 30 | D4: =C4-B4 | E4: 23 | F4: 19 | G4: =F4-E4 | H4: =B4+E4 | I4: =C4+F4 | J4: =I4-H4 | K4: =IF(I4=0,"",F4/I4)
A5: KIRTASİYE | B5: 22 | C5: 25 | D5: =C5-B5 | E5: 25 | F5: 22 | G5: =F5-E5 | H5: =B5+E5 | I5: =C5+F5 | J5: =I5-H5 | K5: =IF(I5=0,"",F5/I5)
A6: KÜLTÜR | B6: 19 | C6: 20 | D6: =C6-B6 | E6: 0 | F6: 2 | G6: =F6-E6 | H6: =B6+E6 | I6: =C6+F6 | J6: =I6-H6 | K6: =IF(I6=0,"",F6/I6)
A7: KASA | B7: 13 | C7: 15 | D7: =C7-B7 | E7: 9 | F7: 9 | G7: =F7-E7 | H7: =B7+E7 | I7: =C7+F7 | J7: =I7-H7 | K7: =IF(I7=0,"",F7/I7)
A8: ÇOCUK | B8: 15 | C8: 14 | D8: =C8-B8 | E8: 3 | F8: 5 | G8: =F8-E8 | H8: =B8+E8 | I8: =C8+F8 | J8: =I8-H8 | K8: =IF(I8=0,"",F8/I8)
A9: OYUNCAK | B9: 9 | C9: 10 | D9: =C9-B9 | E9: 0 | F9: 0 | G9: =F9-E9 | H9: =B9+E9 | I9: =C9+F9 | J9: =I9-H9 | K9: =IF(I9=0,"",F9/I9)
A10: AKADEMİ | B10: 7 | C10: 9 | D10: =C10-B10 | E10: 1 | F10: 0 | G10: =F10-E10 | H10: =B10+E10 | I10: =C10+F10 | J10: =I10-H10 | K10: =IF(I10=0,"",F10/I10)
A11: MAĞAZA | B11: 8 | C11: 8 | D11: =C11-B11 | E11: 0 | F11: 0 | G11: =F11-E11 | H11: =B11+E11 | I11: =C11+F11 | J11: =I11-H11 | K11: =IF(I11=0,"",F11/I11)
A12: MAL KABUL | B12: 6 | C12: 6 | D12: =C12-B12 | E12: 1 | F12: 1 | G12: =F12-E12 | H12: =B12+E12 | I12: =C12+F12 | J12: =I12-H12 | K12: =IF(I12=0,"",F12/I12)
A13: İDARİ İŞLER | B13: 6 | C13: 6 | D13: =C13-B13 | E13: 0 | F13: 0 | G13: =F13-E13 | H13: =B13+E13 | I13: =C13+F13 | J13: =I13-H13 | K13: =IF(I13=0,"",F13/I13)
A14: ETKİNLİK | B14: 2 | C14: 3 | D14: =C14-B14 | E14: 0 | F14: 0 | G14: =F14-E14 | H14: =B14+E14 | I14: =C14+F14 | J14: =I14-H14 | K14: =IF(I14=0,"",F14/I14)
A15: ŞURA | B15: 1 | C15: 3 | D15: =C15-B15 | E15: 0 | F15: 0 | G15: =F15-E15 | H15: =B15+E15 | I15: =C15+F15 | J15: =I15-H15 | K15: =IF(I15=0,"",F15/I15)
... A19: KIYAFET | B19: 0 | C19: 0 | D19: =C19-B19 | E19: 3 | F19: 4 | G19: =F19-E19 | H19: =B19+E19 | I19: =C19+F19 | J19: =I19-H19 | K19: =IF(I19=0,"",F19/I19)
A20: TOPLAM | B20: =SUM(B4:B19) | C20: =SUM(C4:C19) | D20: =C20-B20 | E20: =SUM(E4:E19) | F20: =SUM(F4:F19) | G20: =F20-E20 | H20: =B20+E20 | I20: =C20+F20 | J20: =I20-H20 | K20: =IF(I20=0,"",F20/I20)
A22: OKUNACAK NOKTA: yonetim (MAGAZA departmani) ve MAL KABUL BUYUMEDI — artis satis/kasa tarafinda.
A23: Sezonluk payi yuksek bolumler (KIRTASIYE, YARDIMCI KITAP, KIYAFET) sezon yuku tasiyan reyonlar;
A24: oradaki kisi artisi kalici kadro degil, Eylul sonunda tahliye edilir.
A25: Bolum = Zirve 'Departman' alani (reyon). Bir kisi tek bolumde sayilir; toplam kapsam sayimiyla mutabik.
A26: Devir (turnover) bolum bazinda AYRI olculdu: en bozuk COCUK %179 · IDARI ISLER %183 · KASA %160;
A27: MAGAZA (yonetim) %25 ve ayrilanin ortalama kidemi 4,7 yil -> yonetim katmani stabil.

Sheet Kategori
A1: Kategori büyümesi ve o kategoriye bakan bölümün kadro değişimi
A3: Kategori | B3: İlgili bölüm | C3: Adet 2025 | D3: Adet 2026 | E3: Adet Δ | F3: Ciro 2025 (M ₺) | G3: Ciro 2026 (M ₺) | H3: Ciro Δ | I3: Bölüm kadro Δ
A4: Kırtasiye | B4: KIRTASİYE | C4: 222233 | D4: 296797 | E4: =D4/C4-1 | F4: 18.504325 | G4: 32.380867 | H4: =G4/F4-1 | I4: 3
A5: Çocuk Kitabı | B5: ÇOCUK | C5: 73247 | D5: 85696 | E5: =D5/C5-1 | F5: 10.023708 | G5: 15.504229 | H5: =G5/F5-1 | I5: -1
A6: Kitap | B6: KÜLTÜR | C6: 66399 | D6: 83655 | E6: =D6/C6-1 | F6: 14.491066 | G6: 23.140588 | H6: =G6/F6-1 | I6: 1
A7: Genel | B7: — | C7: 50963.7 | D7: 65475.55 | E7: =D7/C7-1 | F7: 0.02740152 | G7: 0.07535018 | H7: =G7/F7-1 | I7: —
A8: Oyuncak | B8: OYUNCAK | C8: 37135 | D8: 58662 | E8: =D8/C8-1 | F8: 11.136313 | G8: 16.74885 | H8: =G8/F8-1 | I8: 1
A9: Hediyelik | B9: KIRTASİYE / OYUNCAK | C9: 39836 | D9: 57747 | E9: =D9/C9-1 | F9: 1.4752903 | G9: 2.616103 | H9: =G9/F9-1 | I9: —
A10: Hazırlık Kitapları | B10: YARDIMCI KİTAP | C10: 38847 | D10: 54032 | E10: =D10/C10-1 | F10: 11.665123 | G10: 22.357945 | H10: =G10/F10-1 | I10: 6
A11: Gıda | B11: KAFE / GIDA | C11: 23729 | D11: 30608 | E11: =D11/C11-1 | F11: 0.69211733 | G11: 1.1876738 | H11: =G11/F11-1 | I11: —
A12: Akademi | B12: AKADEMİ | C12: 7328 | D12: 24841 | E12: =D12/C12-1 | F12: 1.9421422 | G12: 6.6438275 | H12: =G12/F12-1 | I12: 2
A13: Kişisel Bakım | B13: — | C13: 4249 | D13: 9191 | E13: =D13/C13-1 | F13: 0.28462557 | G13: 0.42036219 | H13: =G13/F13-1 | I13: —
A14: Elektronik | B14: — | C14: 7873 | D14: 5015 | E14: =D14/C14-1 | F14: 1.257656 | G14: 0.99619374 | H14: =G14/F14-1 | I14: —
A15: Dergi | B15: — | C15: 2570 | D15: 2440 | E15: =D15/C15-1 | F15: 0.26562984 | G15: 0.37848582 | H15: =G15/F15-1 | I15: —
A16: TOPLAM | C16: =SUM(C4:C15) | D16: =SUM(D4:D15) | E16: =D16/C16-1 | F16: =SUM(F4:F15) | G16: =SUM(G4:G15) | H16: =G16/F16-1
A18: ESLESME: kategori (urun) -> o urune bakan reyon (bolum). Kadro Δ o BOLUMUN kadrolu degisimidir.
A19: OKUNACAK: kadro artisi en hizli buyuyen kategorilere gitti (Hazirlik Kitaplari, Kirtasiye, Akademi);
A20: en yavas buyuyen kategoride (Cocuk Kitabi) kadro AZALTILDI. Yani alim rastgele degil.
A21: Kapsam: uc POS magazasi, okul-hizali pencere, Sinav haric, KDV dahil, iadeler dusulmus.
A22: Toplam satiri yalniz bu tablodaki kategorilerin toplami (adet>=2000 esigi altindaki kuyruk haric).

Sheet Aylik
A1: Aylık seyir — takvim ayı (üç POS mağazası, Sınav hariç, KDV dahil)
A3: Ay | B3: Adet 2025 | C3: Adet 2026 | D3: Adet Δ | E3: Ciro 2025 (M ₺) | F3: Ciro 2026 (M ₺) | G3: Ciro Δ
A4: Haziran | B4: 286587.64 | C4: 376252 | D4: =C4/B4-1 | E4: 33.370958 | F4: 49.927455 | G4: =F4/E4-1
A5: Temmuz | B5: 269478 | C5: 367353 | D5: =C5/B5-1 | E5: 32.146021 | F5: 55.819329 | G5: =F5/E5-1
A6: Ağustos | B6: 458508.7 | C6: 483658.55 | D6: =C6/B6-1 | E6: 61.345276 | F6: 78.153097 | G6: =F6/E6-1
A7: TOPLAM | B7: =SUM(B4:B6) | C7: =SUM(C4:C6) | D7: =C7/B7-1 | E7: =SUM(E4:E6) | F7: =SUM(F4:F6) | G7: =F7/E7-1
A9: OKUL KAYMASI DÜZELTMESİ
A10: Hizalı pencere (aynı talep gününe denk gelen günler) | B10: 01.08 – 26.08.2025 vs 07.08 – 01.09.2026 (26 gün)
A11: Hizalı pencerede büyüme | B11: adet +%34.6 · ciro +%67.7
A12: Ağustos 2025 (gerçek) | B12: 458.509 adet · 61.3 M TL
A13: Ağustos 2026 (gerçek) | B13: 483.659 adet · 78.2 M TL (adet +%5.5)
A14: Ağustos 2026 — KAYMA OLMASAYDI (tahmin) | B14: 617.297 adet · 102.9 M TL
A15: EYLÜL'E KAYAN (tahmin) | B15: 133.638 adet · 24.7 M TL
A16: Okul öncesi dalga — 2025 gerçekleşen (27.08 - 07.09.2025) | B16: 431.358 adet · 56.9 M TL
A17: Okul öncesi dalga — 2026 beklenen (02.09 - 13.09.2026) | B17: 580.744 adet · 95.5 M TL
A19: Yöntem: 2026 günleri 2025'in 6 gün öncesine denk gelir (açılış 08.09.2025 → 14.09.2026). Hizalı 27 günde ölçülen büyüme (adet %34.6 · ciro %67.7) 2025 Ağustos toplamına uygulanarak kayma-arındırılmış Ağustos bulunur. VARSAYIM: talep kaybı yok, yalnız zamanlama kaydı. Bugünün verisi HARİÇ (eTip 100 gün içinde yeniden yazılır); son tam gün 01.09.2026.
A22: AGUSTOS NEDEN ZAYIF GORUNUYOR: okullar 2025'te 8 Eylul, 2026'da 14 Eylul acildi (6 gun kayma).
A23: 2025'in son-Agustos alis dalgasi 2026'da EYLUL'e kaydi -> takvim ayi kiyasinda Agustos dusuk cikar.
A24: Temmuz +%36,3 adet, Agustos +%5,5 adet: fark talep kaybi degil, TAKVIM.
A25: Dogru kiyas okul-acilisina hizali penceredir (Ozet sayfasi): adet +%34,9 · ciro +%70,7.
A26: Bu sayfa 'ay ay ne oldu' sorusunun cevabidir; kadro kiyasinda hizali pencere kullanilir.

Sheet Yillar
A1: Kisi basi is — 4 yillik trend (uc POS magazasi, Ocak-Agustos kumulatif, Sinav haric)
A3: Yil | B3: Kadrolu (31.08) | C3: Urun adedi (Oca-Agu) | D3: Adet / kisi | E3: Onceki yila gore
A4: 2023 | B4: 60 | C4: 2064284.4 | D4: =C4/B4 | E4: —
A5: 2024 | B5: 91 | C5: 2296833.4 | D5: =C5/B5 | E5: =D5/D4-1
A6: 2025 | B6: 96 | C6: 2752385 | D6: =C6/B6 | E6: =D6/D5-1
A7: 2026 | B7: 111 | C7: 3607308.9 | D7: =C7/B7 | E7: =D7/D6-1
A9: 2024 ATLAMASI: kadrolu 60 -> 91, adet yalniz +%11 -> kisi basi is -%27. Kadro sismesi 2024'te oldu.
A10: AMA 2023 verimliligi 'norm' DEGIL: 2023'te FSM kasada 0 kisi, Ozluce kasada 1 kisi vardi (eksik kadroyla calisma).
A11: 2024 -> 2026: kisi basi is +%28,8 toparlanma. Bu yil kadro +15 kisi buyurken kisi basi is de artti.
A12: Bu sayfada kadro yalniz KADROLU (sezonluk haric) — yillar arasi sezonluk tahliye zamanlamasi kiyasi bozuyor.

Sheet Oca-Agu
A1: "Buyume kurumsaldan geldi" itirazinin cevabi — Ocak-Agustos, uc POS magazasi
A3: Kanal | B3: Adet 2025 | C3: Adet 2026 | D3: Adet Δ% | E3: Ciro 2025 (KDV dahil) | F3: Ciro 2026 (KDV dahil) | G3: Ciro Δ%
A4: Magaza (perakende raf) | B4: 2752385 | C4: 3607308.9 | D4: =C4/B4-1 | E4: 3.160598e+08 | F4: 4.8943329e+08 | G4: =F4/E4-1
A5: Sinav Okullari (kurumsal) | B5: 33584 | C5: 21693 | D5: =C5/B5-1 | E5: 1.3610807e+08 | F5: 1.0557565e+08 | G5: =F5/E5-1
A6: TOPLAM | B6: =SUM(B4:B5) | C6: =SUM(C4:C5) | D6: =C6/B6-1 | E6: =SUM(E4:E5) | F6: =SUM(F4:F5) | G6: =F6/E6-1
A8: Sinav Okullari KUCULDU (adet -%35, ciro -%22). Buyumenin tamami magaza rafindan geldi.
A9: Magaza tarafi kurumsal dususu de kapatti: toplam yine buyudu.
A10: Sinav = Kategori3 'Sinav Okullari' + 'Sinav Kiyafet'; ayni POS belgesi icinde geldigi icin AYIKLANMASI zorunlu.

Sheet Yontem
A1: Yontem ve kaynaklar
A3: Baslik | B3: Kişi başı iş hacmi — sezon 2026 vs 2025
A4: Kesim tarihi | B4: otomatik (veri sonu, okul-hizalı pencerede)
A5: Pencere | B5: Okul açılışına hizalı — 2025: 01.07.2025 – 25.08.2025 · 2026: 07.07.2026 – 31.08.2026 (her iki yıl 56 gün; açılış 20250908 ve 20260914, gün ofseti -69..-14)
A6: Kadro kaynagi | B6: Zirve BKM_GENEL.dbo.vw_PersonelDepartman — as-of Igt <= T AND (Ict IS NULL OR Ict >= T), sp_PersonelKarsilastirma_Ozet ile birebir
A7: Is hacmi kaynagi | B7: DerinSIS irs/irsAyr eTip=100 (POS satışı), Sınav Okulları/Kıyafet hariç, iade netlenmiş
A8: Cekirdek SQL | B8: sorgular/2026-09-02-kadro-vs-is-hacmi-savunma.sql (blok 11)
A10: Dikkat edilecekler
B11: • Ürün adedi enflasyondan bağımsız — kadro kıyasında birincil ölçüt. Ciro ikincil (fiyat endeksi +%19,8, Fisher, eşleşen ürün).
B12: • Kıyas okul açılışına hizalı yapılır. Takvim tarihine göre kıyas 2026'da yapay düşüş gösterir: açılış 8 Eylül 2025'ten 14 Eylül 2026'ya, 6 gün kaydı.
B13: • İş hacmi EncoreMerkez POS'tan DEĞİL DerinSIS'ten alınır: POS Temmuz 2025'te değişti (ENPOS → EncoreMerkez), EncoreMerkez'in 2025 tabanı eksik.
B14: • Heykel ve Şura POS raporlamasında yok — mağaza sayfası üç POS mağazası (FSM · Özlüce · İst. Yolu). Beş mağaza kadro hareketi Özet'te ayrı.
B15: • Kadro = o tarihte fiilen çalışan kişi (sezonluk + kadrolu). Kişi başı oranlar kasiyer değil TÜM mağaza kadrosu üzerinden.
B16: • Fiş sayısı bu kaynakta yok: eTip 100 günlük özet belgedir (bir gün = bir belge).
B17: • Kıdem → verimlilik testi NEGATİF çıktı: aynı kasiyerin öğrenme eğrisi düz (220 → 256 → 242 fiş/gün), mağaza kıdem sıralaması verimlilikle uyuşmuyor. 'Tecrübeli 1 kişi = acemi 3 kişi' iddiası bu veriyle savunulamaz.
